{
  "best_metric": null,
  "best_model_checkpoint": null,
  "epoch": 3.0,
  "eval_steps": 100,
  "global_step": 471,
  "is_hyper_param_search": false,
  "is_local_process_zero": true,
  "is_world_process_zero": true,
  "log_history": [
    {
      "epoch": 0.6369426751592356,
      "eval_accuracy": 0.9727722772277227,
      "eval_f1": 0.8162672476397965,
      "eval_loss": 0.07646319270133972,
      "eval_precision": 0.7893258426966292,
      "eval_recall": 0.8451127819548873,
      "eval_runtime": 621.3496,
      "eval_samples_per_second": 0.555,
      "eval_steps_per_second": 0.14,
      "step": 100
    },
    {
      "epoch": 1.2738853503184713,
      "eval_accuracy": 0.9809513560051657,
      "eval_f1": 0.8671171171171171,
      "eval_loss": 0.0579569935798645,
      "eval_precision": 0.8658170914542729,
      "eval_recall": 0.868421052631579,
      "eval_runtime": 590.6077,
      "eval_samples_per_second": 0.584,
      "eval_steps_per_second": 0.147,
      "step": 200
    },
    {
      "epoch": 1.910828025477707,
      "eval_accuracy": 0.9850408953938872,
      "eval_f1": 0.8962194217939214,
      "eval_loss": 0.050410449504852295,
      "eval_precision": 0.8837719298245614,
      "eval_recall": 0.9090225563909774,
      "eval_runtime": 600.3609,
      "eval_samples_per_second": 0.575,
      "eval_steps_per_second": 0.145,
      "step": 300
    },
    {
      "epoch": 2.5477707006369426,
      "eval_accuracy": 0.9834266035299182,
      "eval_f1": 0.8860294117647058,
      "eval_loss": 0.05356764793395996,
      "eval_precision": 0.8669064748201439,
      "eval_recall": 0.9060150375939849,
      "eval_runtime": 579.0752,
      "eval_samples_per_second": 0.596,
      "eval_steps_per_second": 0.15,
      "step": 400
    }
  ],
  "logging_steps": 500,
  "max_steps": 471,
  "num_input_tokens_seen": 0,
  "num_train_epochs": 3,
  "save_steps": 500,
  "stateful_callbacks": {
    "TrainerControl": {
      "args": {
        "should_epoch_stop": false,
        "should_evaluate": false,
        "should_log": false,
        "should_save": true,
        "should_training_stop": true
      },
      "attributes": {}
    }
  },
  "total_flos": 495041961535488.0,
  "train_batch_size": 4,
  "trial_name": null,
  "trial_params": null
}
